{
  "students": [
    { "id": 101, "name": "peter parker", "email": "peter@mit.edu" },
    { "id": 102, "name": "bruce wayne",  "email": "bruce@mit.edu" },
    { "id": 103, "name": "clark kent",   "email": "clark@mit.edu" },
    { "id": 104, "name": "barry allen",  "email": "barry@mit.edu" }                
  ],
  "exams": [
    { "id": 201, "name": "fundamentals", "date": "03/13/2017" },
    { "id": 202, "name": "data science", "date": "04/19/2017" }
  ],
  "grades": [
    { "id": 301, "grade": 95, "examId": 201, "studentId": 101 },
    { "id": 302, "grade": 80, "examId": 202, "studentId": 101 },
    { "id": 303, "grade": 60, "examId": 201, "studentId": 102 },
    { "id": 304, "grade": 90, "examId": 202, "studentId": 102 }
  ]
}